Name,Purpose,Permeability,htc_in,htc_out,vtc_in,vtc_out,Material,Thickness,U-Value
Wooden_Door,Door,,8.29,8.29,0.00000002,6.25E-08,Spruce,0.04,1.458365911
,,,,,,,,,
CAVITY_RandomU,External_Wall,12.98,8.29,29.3,0.00000002,6.25E-08,Brick,0.11,
,,,,,,,AirGapExt,0.01,
,,,,,,,Brick,0.11,
,,,,,,,Gypsum,0.01,
,,,,,,,,,
FILLED_CAVITY_RandomU,External_Wall,12.98,8.29,29.3,0.00000002,6.25E-08,Brick,0.11,
,,,,,,,CelluloseInsExt,0.01,
,,,,,,,Brick,0.11,
,,,,,,,Gypsum,0.01,
,,,,,,,,,
,,,,,,,,,
SOLID_BRICK_RandomU,External_Wall,10.08,8.29,29.3,0.00000002,6.25E-08,Brick,0.11,
,,,,,,,CelluloseInsExt,0.1,
,,,,,,,Gypsum,0.01,
,,,,,,,,,
FLOOR_RandomU,Ground_Floor,,0,0,0,0,Concrete,0.5,
,,,,,,,GlassFiberFloor,0.0065,
,,,,,,,Gypsum,0.1,
,,,,,,,,,
LoftFloor_RandomU,Loft_Floor,,8.29,8.29,0,0,Concrete,0.01,
,,,,,,,Spruce,0.0125,
,,,,,,,AirGapRoof,0.0001,
,,,,,,,Gypsum,0.01,
,,,,,,,,,
LoftCeiling_RandomU,Loft_Ceiling,,8.29,8.29,0,0,Gypsum,0.01,
,,,,,,,AirGapRoof,0.0001,
,,,,,,,Spruce,0.0125,
,,,,,,,Concrete,0.01,
,,,,,,,,,
Concrete_Tiled_Roof_RandomU,Roof,,8.29,29.3,0,0,Concrete,0.05,
,,,,,,,AirGapRoof,0.01,
,,,,,,,Gypsum,0.01,
,,,,,,,,,
Window_RandomU,Window,,8.29,29.3,0,0,Glass,0.01,
,,,,,,,GasWin,0.01,
,,,,,,,Glass,0.01,
,,,,,,,,,
,,,,,,,,,
0.55.SYST_INS,External_Wall,10.8,8.29,29.3,0.00000002,6.25E-08,Concrete,0.125,0.556016755
,,,,,,,GlassFiber,0.0575,
,,,,,,,Concrete,0.125,
,,,,,,,Gypsum,0.01,
,,,,,,,,,
0.35.SYST_INS,External_Wall,10.8,8.29,29.3,0.00000002,6.25E-08,Concrete,0.125,0.349527287
,,,,,,,GlassFiber,0.1,
,,,,,,,Concrete,0.125,
,,,,,,,Gypsum,0.01,
,,,,,,,,,
0.3.SOLID_BRICK_INT_INS,External_Wall,10.08,8.29,29.3,0.00000002,6.25E-08,Brick,0.25,0.296610605
,,,,,,,CelluloseIns,0.11,
,,,,,,,Gypsum,0.01,
,,,,,,,,,
0.45_External_Wall,External_Wall,5,8.29,29.3,0.00000002,6.25E-08,Brick,0.14,0.451296098
,,,,,,,AirGap,0.039,
,,,,,,,Brick,0.14,
,,,,,,,Gypsum,0.005,
,,,,,,,,,
0.55.SYST_INT_INS,External_Wall,10.8,8.29,29.3,0.00000002,6.25E-08,Concrete,0.25,0.556016755
,,,,,,,GlassFiber,0.0575,
,,,,,,,Gypsum,0.01,
,,,,,,,,,
2.10_External_Wall,External_Wall,12.98,8.29,29.3,0.00000002,6.25E-08,Brick,0.18,2.084388752
,,,,,,,Gypsum,0.005,
,,,,,,,,,
2.1.STONE_SAND,External_Wall,10.08,8.29,29.3,0.00000002,6.25E-08,Stone,0.6,2.132002196
,,,,,,,Gypsum,0.02,
,,,,,,,,,
0.50_Cavity_Brick_Ext_Wall,External_Wall,5,8.29,29.3,0.00000002,6.25E-08,Brick,0.14,0.506485181
,,,,,,,AirGap,0.033,
,,,,,,,Brick,0.14,
,,,,,,,Gypsum,0.005,
,,,,,,,,,
0.3.SOLID_BRICK,External_Wall,10.08,8.29,29.3,0.00000002,6.25E-08,AAC,0.42,0.307242603
,,,,,,,Gypsum,0.02,
,,,,,,,,,
0.4.TIMB_INT_INS,External_Wall,8.29,8.29,29.3,0.00000002,6.25E-08,Spruce,0.025,0.405628088
,,,,,,,GlassFiber,0.07,
,,,,,,,Spruce,0.025,
,,,,,,,Gypsum,0.001,
,,,,,,,,,
0.35_External_Wall,External_Wall,5,8.29,29.3,0.00000002,6.25E-08,Brick,0.14,0.345253364
,,,,,,,GlassFiber,0.09,
,,,,,,,Brick,0.14,
,,,,,,,Gypsum,0.005,
,,,,,,,,,
0.25.SOLID_BRICK_INT_INS,External_Wall,10.08,8.29,29.3,0.00000002,6.25E-08,CelluloseIns,0.08,0.453564733
,,,,,,,Gypsum,0.01,
,,,,,,,,,
0.6.CAVITY,External_Wall,12.98,8.29,29.3,0.00000002,6.25E-08,Brick,0.125,0.614454487
,,,,,,,AirGap,0.025,
,,,,,,,Brick,0.125,
,,,,,,,Gypsum,0.01,
,,,,,,,,,
0.35.CAVITY,External_Wall,12.98,8.29,29.3,0.00000002,6.25E-08,Brick,0.125,0.352770606
,,,,,,,AirGap,0.055,
,,,,,,,Brick,0.125,
,,,,,,,Gypsum,0.01,
,,,,,,,,,
0.6.SYST_INT_INS,External_Wall,10.8,8.29,29.3,0.00000002,6.25E-08,Concrete,0.25,0.602044439
,,,,,,,GlassFiber,0.052,
,,,,,,,Gypsum,0.01,
,,,,,,,,,
1.9.TIMB_AS_BUILT,External_Wall,8.29,8.29,29.3,0.00000002,6.25E-08,Spruce,0.015,1.884693374
,,,,,,,GlassFiber,0.0015,
,,,,,,,Spruce,0.015,
,,,,,,,Gypsum,0.001,
,,,,,,,,,
0.35_Cavity_Brick_Ext_Wall,External_Wall,5,8.29,29.3,0.00000002,6.25E-08,Brick,0.14,0.349686627
,,,,,,,AirGap,0.055,
,,,,,,,Brick,0.14,
,,,,,,,Gypsum,0.005,
,,,,,,,,,
0.4.TIMB_AS_BUILT,External_Wall,8.29,8.29,29.3,0.00000002,6.25E-08,Spruce,0.02,0.392734358
,,,,,,,AirGap,0.043,
,,,,,,,Spruce,0.035,
,,,,,,,Gypsum,0.01,
,,,,,,,,,
0.45.STONE_GRAN,External_Wall,10.08,8.29,29.3,0.00000002,6.25E-08,Stone,0.2,0.438749739
,,,,,,,AirGap,0.048,
,,,,,,,Stone,0.2,
,,,,,,,Gypsum,0.01,
,,,,,,,,,
0.6.SOLID_BRICK,External_Wall,10.08,8.29,29.3,0.00000002,6.25E-08,AAC,0.2,0.612246754
,,,,,,,Gypsum,0.01,
,,,,,,,,,
0.45.SOLID_BRICK_EX_INS,External_Wall,10.08,8.29,29.3,0.00000002,6.25E-08,CelluloseIns,0.065,0.445152014
,,,,,,,Brick,0.25,
,,,,,,,Gypsum,0.01,
,,,,,,,,,
0.6.SYST,External_Wall,10.8,8.29,29.3,0.00000002,6.25E-08,Concrete,0.125,0.60652623
,,,,,,,AirGap,0.032,
,,,,,,,Concrete,0.125,
,,,,,,,Gypsum,0.01,
,,,,,,,,,
0.6.STONE_GRAN,External_Wall,10.08,8.29,29.3,0.00000002,6.25E-08,Stone,0.3,0.614897946
,,,,,,,AirGap,0.03,
,,,,,,,Stone,0.3,
,,,,,,,Gypsum,0.01,
,,,,,,,,,
1.60_External_Wall_Flood2,External_Wall,11.5,8.29,29.3,0.00000002,6.25E-08,Brick,0.14,1.609208221
,,,,,,,Brick,0.125,
,,,,,,,Gypsum,0.005,
,,,,,,,,,
0.6.SOLID_BRICK_INT_INS,External_Wall,10.08,8.29,29.3,0.00000002,6.25E-08,Brick,0.3,0.586593882
,,,,,,,CelluloseIns,0.04,
,,,,,,,Gypsum,0.01,
,,,,,,,,,
2.1.SOLID_BRICK,External_Wall,10.08,8.29,29.3,0.00000002,6.25E-08,Brick,0.165,2.084388752
,,,,,,,Gypsum,0.01,
,,,,,,,,,
2.4.STONE_GRAN,External_Wall,10.08,8.29,29.3,0.00000002,6.25E-08,Stone,0.5,2.390466534
,,,,,,,Gypsum,0.017,
,,,,,,,,,
0.35.STONE_SAND,External_Wall,10.08,8.29,29.3,0.00000002,6.25E-08,AirGap,0.058,0.39389293
,,,,,,,Gypsum,0.01,
,,,,,,,,,
0.55.SOLID_BRICK_EX_INS,External_Wall,10.08,8.29,29.3,0.00000002,6.25E-08,CelluloseIns,0.0475,0.552814938
,,,,,,,Brick,0.25,
,,,,,,,Gypsum,0.01,
,,,,,,,,,
1.60_External_Wall,External_Wall,11.5,8.29,29.3,0.00000002,6.25E-08,Brick,0.1025,0.16246356
,,,,,,,AirGap,0.14,
,,,,,,,Brick,0.1025,
,,,,,,,Gypsum,0.005,
,,,,,,,,,
0.45.CAVITY,External_Wall,12.98,8.29,29.3,0.00000002,6.25E-08,Brick,0.125,0.448213106
,,,,,,,AirGap,0.04,
,,,,,,,Brick,0.125,
,,,,,,,Gypsum,0.01,
,,,,,,,,,
0.25.SYST_INS,External_Wall,10.8,8.29,29.3,0.00000002,6.25E-08,Concrete,0.125,0.250877636
,,,,,,,GlassFiber,0.145,
,,,,,,,Concrete,0.125,
,,,,,,,Gypsum,0.01,
,,,,,,,,,
0.3.SOLID_BRICK_EX_INS,External_Wall,10.08,8.29,29.3,0.00000002,6.25E-08,CelluloseIns,0.11,0.296610605
,,,,,,,Brick,0.25,
,,,,,,,Gypsum,0.01,
,,,,,,,,,
1.STONE_SAND,External_Wall,10.08,8.29,29.3,0.00000002,6.25E-08,Stone,0.5,1.013274081
,,,,,,,GlassFiber,0.017,
,,,,,,,Stone,0.5,
,,,,,,,Gypsum,0.01,
,,,,,,,,,
0.45.SOLID_BRICK_INT_INS,External_Wall,10.08,8.29,29.3,0.00000002,6.25E-08,Brick,0.25,0.445152014
,,,,,,,CelluloseIns,0.065,
,,,,,,,Gypsum,0.01,
,,,,,,,,,
0.45.TIMB_AS_BUILT,External_Wall,8.29,8.29,29.3,0.00000002,6.25E-08,Spruce,0.02,0.449575849
,,,,,,,AirGap,0.035,
,,,,,,,Spruce,0.035,
,,,,,,,Gypsum,0.01,
,,,,,,,,,
0.25_External_Wall,External_Wall,11.5,8.29,29.3,0.00000002,6.25E-08,Brick,0.14,0.250223724
,,,,,,,GlassFiber,0.135,
,,,,,,,Brick,0.125,
,,,,,,,Gypsum,0.005,
,,,,,,,,,
1.7.SYST,External_Wall,10.8,8.29,29.3,0.00000002,6.25E-08,Concrete,0.125,1.71722485
,,,,,,,AirGap,0.0055,
,,,,,,,Concrete,0.125,
,,,,,,,Gypsum,0.01,
,,,,,,,,,
0.6.STONE_SAND,External_Wall,10.08,8.29,29.3,0.00000002,6.25E-08,Stone,0.3,0.614897946
,,,,,,,AirGap,0.03,
,,,,,,,Stone,0.3,
,,,,,,,Gypsum,0.01,
,,,,,,,,,
0.25.CAVITY_INS,External_Wall,12.98,8.29,29.3,0.00000002,6.25E-08,Brick,0.2,0.242634607
,,,,,,,GlassFiber,0.13,
,,,,,,,Brick,0.2,
,,,,,,,Gypsum,0.01,
,,,,,,,,,
0.4.CAVITY_INS,External_Wall,12.98,8.29,29.3,0.00000002,6.25E-08,Brick,0.13,0.397916464
,,,,,,,GlassFiber,0.075,
,,,,,,,Brick,0.13,
,,,,,,,Gypsum,0.01,
,,,,,,,,,
1.SYST,External_Wall,10.8,8.29,29.3,0.00000002,6.25E-08,Concrete,0.125,1.036668322
,,,,,,,AirGap,0.015,
,,,,,,,Concrete,0.125,
,,,,,,,Gypsum,0.01,
,,,,,,,,,
0.3.TIMB_AS_BUILT,External_Wall,8.29,8.29,29.3,0.00000002,6.25E-08,Spruce,0.02,0.291412463
,,,,,,,AirGap,0.065,
,,,,,,,Spruce,0.035,
,,,,,,,Gypsum,0.01,
,,,,,,,,,
0.21.SOLID_BRICK_INT_INS,External_Wall,10.08,8.29,29.3,0.00000002,6.25E-08,CelluloseIns,0.11,0.338437312
,,,,,,,Gypsum,0.01,
,,,,,,,,,
0.3.STONE_SAND,External_Wall,10.08,8.29,29.3,0.00000002,6.25E-08,AirGap,0.07,0.330944098
,,,,,,,Gypsum,0.01,
,,,,,,,,,
0.35.SYST,External_Wall,10.8,8.29,29.3,0.00000002,6.25E-08,Concrete,0.125,0.347693359
,,,,,,,AirGap,0.0625,
,,,,,,,Concrete,0.125,
,,,,,,,Gypsum,0.01,
,,,,,,,,,
0.21.SYST_INT_INS,External_Wall,10.08,8.29,29.3,0.00000002,6.25E-08,Concrete,0.25,0.216872369
,,,,,,,CelluloseIns,0.17,
,,,,,,,Gypsum,0.01,
,,,,,,,,,
0.25.SYST_INT_INS,External_Wall,10.08,8.29,29.3,0.00000002,6.25E-08,Concrete,0.25,0.250877636
,,,,,,,CelluloseIns,0.145,
,,,,,,,Gypsum,0.01,
,,,,,,,,,
0.55.SOLID_BRICK_INT_INS,External_Wall,10.08,8.29,29.3,0.00000002,6.25E-08,Brick,0.25,0.552814938
,,,,,,,CelluloseIns,0.0475,
,,,,,,,Gypsum,0.01,
,,,,,,,,,
0.45.SYST_INT_INS,External_Wall,10.08,8.29,29.3,0.00000002,6.25E-08,Concrete,0.25,0.4472258
,,,,,,,CelluloseIns,0.075,
,,,,,,,Gypsum,0.01,
,,,,,,,,,
Solid_Brick_Ext_Wall,External_Wall,11.5,8.29,29.3,0.00000002,6.25E-08,Brick,0.28,1.583722823
,,,,,,,Gypsum,0.002,
,,,,,,,,,
0.35.SOLID_BRICK,External_Wall,10.08,8.29,29.3,0.00000002,6.25E-08,AAC,0.37,0.345111518
,,,,,,,Gypsum,0.02,
,,,,,,,,,
2.5.TIMB_AS_BUILT,External_Wall,8.29,8.29,29.3,0.00000002,6.25E-08,Spruce,0.0125,2.492858935
,,,,,,,GlassFiber,0.0001,
,,,,,,,Spruce,0.009,
,,,,,,,Gypsum,0.001,
,,,,,,,,,
0.60_External_Ins_Wall,External_Wall,15,8.29,29.3,0.00000002,6.25E-08,GlassFiber,0.05,0.585734911
,,,,,,,Brick,0.18,
,,,,,,,Gypsum,0.0005,
,,,,,,,,,
0.35.TIMB_AS_BUILT,External_Wall,8.29,8.29,29.3,0.00000002,6.25E-08,Spruce,0.02,0.353614229
,,,,,,,AirGap,0.05,
,,,,,,,Spruce,0.035,
,,,,,,,Gypsum,0.01,
,,,,,,,,,
1.7.STONE_SAND,External_Wall,10.08,8.29,29.3,0.00000002,6.25E-08,Stone,0.5,1.703868326
,,,,,,,GlassFiber,0.001,
,,,,,,,Stone,0.5,
,,,,,,,Gypsum,0.01,
,,,,,,,,,
0.3.SYST_INS,External_Wall,10.8,8.29,29.3,0.00000002,6.25E-08,Concrete,0.125,0.297529881
,,,,,,,GlassFiber,0.12,
,,,,,,,Concrete,0.125,
,,,,,,,Gypsum,0.01,
,,,,,,,,,
1.CAVITY,External_Wall,12.98,8.29,29.3,0.00000002,6.25E-08,Brick,0.125,0.976716917
,,,,,,,AirGap,0.01,
,,,,,,,Brick,0.125,
,,,,,,,Gypsum,0.01,
,,,,,,,,,
1.6.CAVITY,External_Wall,12.98,8.29,29.3,0.00000002,6.25E-08,Brick,0.125,1.598854539
,,,,,,,AirGap,0.0001,
,,,,,,,Brick,0.125,
,,,,,,,Gypsum,0.01,
,,,,,,,,,
2.10_Solid_Brick_Ext_Wall,External_Wall,15,8.29,29.3,0.00000002,6.25E-08,Brick,0.18,2.084388752
,,,,,,,Gypsum,0.005,
,,,,,,,,,
0.60_External_Wall,External_Wall,15,8.29,29.3,0.00000002,6.25E-08,Brick,0.18,0.585734911
,,,,,,,GlassFiber,0.05,
,,,,,,,Gypsum,0.0005,
,,,,,,,,,
0.6.TIMB_INT_INS,External_Wall,8.29,8.29,29.3,0.00000002,6.25E-08,Spruce,0.02,0.591412198
,,,,,,,GlassFiber,0.035,
,,,,,,,Spruce,0.035,
,,,,,,,Gypsum,0.01,
,,,,,,,,,
0.55.TIMB_INT_INS,External_Wall,8.29,8.29,29.3,0.00000002,6.25E-08,Spruce,0.015,0.5538355
,,,,,,,GlassFiber,0.0525,
,,,,,,,Spruce,0.015,
,,,,,,,Gypsum,0.001,
,,,,,,,,,
1.60_Cavity_Brick_Ext_Wall,External_Wall,11.5,8.29,29.3,0.00000002,6.25E-08,Brick,0.14,1.609208221
,,,,,,,Brick,0.125,
,,,,,,,Gypsum,0.005,
,,,,,,,,,
0.45.CAVITY_INS,External_Wall,12.98,8.29,29.3,0.00000002,6.25E-08,Brick,0.13,0.441873665
,,,,,,,GlassFiber,0.065,
,,,,,,,Brick,0.13,
,,,,,,,Gypsum,0.01,
,,,,,,,,,
0.21.SYST_INS,External_Wall,10.8,8.29,29.3,0.00000002,6.25E-08,Concrete,0.125,0.216872369
,,,,,,,GlassFiber,0.17,
,,,,,,,Concrete,0.125,
,,,,,,,Gypsum,0.01,
,,,,,,,,,
0.50_External_Wall,External_Wall,5,8.29,29.3,0.00000002,6.25E-08,Brick,0.14,0.506485181
,,,,,,,AirGap,0.033,
,,,,,,,Brick,0.14,
,,,,,,,Gypsum,0.005,
,,,,,,,,,
0.35.SOLID_BRICK_INT_INS,External_Wall,10.08,8.29,29.3,0.00000002,6.25E-08,Brick,0.25,0.348259307
,,,,,,,CelluloseIns,0.09,
,,,,,,,Gypsum,0.01,
,,,,,,,,,
0.8.TIMB_AS_BUILT,External_Wall,8.29,8.29,29.3,0.00000002,6.25E-08,Spruce,0.02,0.782078071
,,,,,,,AirGap,0.0115,
,,,,,,,Spruce,0.035,
,,,,,,,Gypsum,0.01,
,,,,,,,,,
0.5.CAVITY_INS,External_Wall,12.98,8.29,29.3,0.00000002,6.25E-08,Brick,0.13,0.509400921
,,,,,,,GlassFiber,0.053,
,,,,,,,Brick,0.13,
,,,,,,,Gypsum,0.01,
,,,,,,,,,
0.45.SYST_INS,External_Wall,10.8,8.29,29.3,0.00000002,6.25E-08,Concrete,0.125,0.4472258
,,,,,,,GlassFiber,0.075,
,,,,,,,Concrete,0.125,
,,,,,,,Gypsum,0.01,
,,,,,,,,,
0.35.STONE_GRAN,External_Wall,10.08,8.29,29.3,0.00000002,6.25E-08,AirGap,0.058,0.39389293
,,,,,,,Gypsum,0.01,
,,,,,,,,,
1.7.STONE_GRAN,External_Wall,10.08,8.29,29.3,0.00000002,6.25E-08,Stone,0.5,1.703868326
,,,,,,,GlassFiber,0.001,
,,,,,,,Stone,0.5,
,,,,,,,Gypsum,0.01,
,,,,,,,,,
1.STONE_GRAN,External_Wall,10.08,8.29,29.3,0.00000002,6.25E-08,Stone,0.5,1.013274081
,,,,,,,GlassFiber,0.017,
,,,,,,,Stone,0.5,
,,,,,,,Gypsum,0.01,
,,,,,,,,,
0.3.TIMB_INT_INS,External_Wall,8.29,8.29,29.3,0.00000002,6.25E-08,Spruce,0.02,0.291412463
,,,,,,,AirGap,0.065,
,,,,,,,Spruce,0.035,
,,,,,,,Gypsum,0.01,
,,,,,,,,,
0.35.TIMB_INT_INS,External_Wall,8.29,8.29,29.3,0.00000002,6.25E-08,Spruce,0.02,0.353614229
,,,,,,,AirGap,0.05,
,,,,,,,Spruce,0.035,
,,,,,,,Gypsum,0.01,
,,,,,,,,,
1.SOLID_BRICK,External_Wall,10.08,8.29,29.3,0.00000002,6.25E-08,Brick,0.45,1.047386977
,,,,,,,Gypsum,0.01,
,,,,,,,,,
0.35.SOLID_BRICK_EX_INS,External_Wall,10.08,8.29,29.3,0.00000002,6.25E-08,CelluloseIns,0.09,0.348259307
,,,,,,,Brick,0.25,
,,,,,,,Gypsum,0.01,
,,,,,,,,,
0.3.STONE_GRAN,External_Wall,10.08,8.29,29.3,0.00000002,6.25E-08,Stone,0.2,3.62075455
,,,,,,,Gypsum,0.01,
,,,,,,,,,
0.3.SYST,External_Wall,10.8,8.29,29.3,0.00000002,6.25E-08,Concrete,0.125,0.305016424
,,,,,,,AirGap,0.0725,
,,,,,,,Concrete,0.125,
,,,,,,,Gypsum,0.01,
,,,,,,,,,
0.3.CAVITY,External_Wall,12.98,8.29,29.3,0.00000002,6.25E-08,Brick,0.125,0.308916779
,,,,,,,AirGap,0.065,
,,,,,,,Brick,0.125,
,,,,,,,Gypsum,0.01,
,,,,,,,,,
0.45.STONE_SAND,External_Wall,10.08,8.29,29.3,0.00000002,6.25E-08,Stone,0.2,0.438749739
,,,,,,,AirGap,0.048,
,,,,,,,Stone,0.2,
,,,,,,,Gypsum,0.01,
,,,,,,,,,
0.45_Cavity_Brick_Ext_Wall,External_Wall,5,8.29,29.3,0.00000002,6.25E-08,Brick,0.14,0.459643597
,,,,,,,AirGap,0.038,
,,,,,,,Brick,0.14,
,,,,,,,Gypsum,0.005,
,,,,,,,,,
0.45.SYST,External_Wall,10.8,8.29,29.3,0.00000002,6.25E-08,Concrete,0.125,0.440048697
,,,,,,,AirGap,0.0475,
,,,,,,,Concrete,0.125,
,,,,,,,Gypsum,0.01,
,,,,,,,,,
0.3.SYST_INT_INS,External_Wall,10.08,8.29,29.3,0.00000002,6.25E-08,Concrete,0.25,0.297529881
,,,,,,,CelluloseIns,0.12,
,,,,,,,Gypsum,0.01,
,,,,,,,,,
1.60_External_Wall_Flood,External_Wall,11.5,8.29,29.3,0.00000002,6.25E-08,Brick,0.14,1.609208221
,,,,,,,AirGap,0,
,,,,,,,Brick,0.125,
,,,,,,,Gypsum,0.005,
,,,,,,,,,
0.3.CAVITY_INS,External_Wall,12.98,8.29,29.3,0.00000002,6.25E-08,Brick,0.13,0.295151521
,,,,,,,GlassFiber,0.11,
,,,,,,,Brick,0.13,
,,,,,,,Gypsum,0.01,
,,,,,,,,,
2.1.CAVITY,External_Wall,12.98,8.29,29.3,0.00000002,6.25E-08,Brick,0.08,2.103280468
,,,,,,,AirGap,0.0001,
,,,,,,,Brick,0.08,
,,,,,,,Gypsum,0.01,
,,,,,,,,,
1.7.SOLID_BRICK,External_Wall,10.08,8.29,29.3,0.00000002,6.25E-08,Brick,0.225,1.724860723
,,,,,,,Gypsum,0.01,
,,,,,,,,,
0.60_Solid_Brick_Ext_Wall,External_Wall,15,8.29,29.3,0.00000002,6.25E-08,Brick,0.18,0.585734911
,,,,,,,GlassFiber,0.05,
,,,,,,,Gypsum,0.0005,
,,,,,,,,,
0.25.SOLID_BRICK_EX_INS,External_Wall,10.08,8.29,29.3,0.00000002,6.25E-08,CelluloseIns,0.08,0.453564733
,,,,,,,Gypsum,0.01,
,,,,,,,,,
0.6.SOLID_BRICK_EX_INS,External_Wall,10.08,8.29,29.3,0.00000002,6.25E-08,CelluloseIns,0.04,0.586593882
,,,,,,,Brick,0.3,
,,,,,,,Gypsum,0.01,
,,,,,,,,,
0.45.SOLID_BRICK,External_Wall,10.08,8.29,29.3,0.00000002,6.25E-08,CelluloseIns,0.065,0.445152014
,,,,,,,Brick,0.25,
,,,,,,,Gypsum,0.01,
,,,,,,,,,
0.21.SOLID_BRICK_EX_INS,External_Wall,10.08,8.29,29.3,0.00000002,6.25E-08,CelluloseIns,0.11,0.338437312
,,,,,,,Gypsum,0.01,
,,,,,,,,,
0.6.SYST_INS,External_Wall,10.8,8.29,29.3,0.00000002,6.25E-08,Concrete,0.125,0.602044439
,,,,,,,GlassFiber,0.052,
,,,,,,,Concrete,0.125,
,,,,,,,Gypsum,0.01,
,,,,,,,,,
2.SYST,External_Wall,10.8,8.29,29.3,0.00000002,6.25E-08,Concrete,0.1,1.883366155
,,,,,,,AirGap,0.005,
,,,,,,,Concrete,0.1,
,,,,,,,Gypsum,0.01,
,,,,,,,,,
1.TIMB_AS_BUILT,External_Wall,8.29,8.29,29.3,0.00000002,6.25E-08,Spruce,0.02,0.983211362
,,,,,,,AirGap,0.005,
,,,,,,,Spruce,0.035,
,,,,,,,Gypsum,0.01,
,,,,,,,,,
0.35.CAVITY_INS,External_Wall,12.98,8.29,29.3,0.00000002,6.25E-08,Brick,0.13,0.346249563
,,,,,,,GlassFiber,0.09,
,,,,,,,Brick,0.13,
,,,,,,,Gypsum,0.01,
,,,,,,,,,
0.35.SYST_INT_INS,External_Wall,10.08,8.29,29.3,0.00000002,6.25E-08,Concrete,0.25,0.349527287
,,,,,,,CelluloseIns,0.1,
,,,,,,,Gypsum,0.01,
,,,,,,,,,
0.51.SOLID,Ground_Floor,,0,0,0,0,Concrete,0.5,0.516129032
,,,,,,,GlassFiber,0.045,
,,,,,,,Gypsum,0.1,
,,,,,,,,,
0.55.FLOOR,Ground_Floor,,0,0,0,0,Concrete,0.5,0.551724138
,,,,,,,GlassFiber,0.04,
,,,,,,,Gypsum,0.1,
,,,,,,,,,
0.35.FLOOR,Ground_Floor,,0,0,0,0,Concrete,0.5,0.355555556
,,,,,,,GlassFiber,0.08,
,,,,,,,Gypsum,0.1,
,,,,,,,,,
1.2.SUSP,Ground_Floor,,0,0,0,0,Gypsum,0.01,1.239521705
,,,,,,,AirGap,0.005,
,,,,,,,Spruce,0.05,
,,,,,,,,,
0.25.FLOOR,Ground_Floor,,0,0,0,0,Concrete,0.5,0.246153846
,,,,,,,GlassFiber,0.13,
,,,,,,,Gypsum,0.1,
,,,,,,,,,
1.2.SOLID,Ground_Floor,,0,0,0,0,Concrete,0.5,1.230769231
,,,,,,,Gypsum,0.1,
,,,,,,,,,
0.22.SOLID,Ground_Floor,,0,0,0,0,Concrete,0.5,0.219178082
,,,,,,,GlassFiber,0.15,
,,,,,,,Gypsum,0.1,
,,,,,,,,,
0.51_Solid_Concrete_Ground,Ground_Floor,,0,0,0,0,Concrete,0.5,0.583941606
,,,,,,,GlassFiber,0.036,
,,,,,,,Gypsum,0.1,
,,,,,,,,,
0.25_Solid_Concrete_Ground,Ground_Floor,,0,0,0,0,Concrete,0.5,0.262295082
,,,,,,,GlassFiber,0.12,
,,,,,,,Gypsum,0.1,
,,,,,,,,,
0.3.FLOOR,Ground_Floor,,0,0,0,0,Concrete,0.5,0.301886793
,,,,,,,GlassFiber,0.1,
,,,,,,,Gypsum,0.1,
,,,,,,,,,
0.25.SOLID,Ground_Floor,,0,0,0,0,Concrete,0.5,0.262295082
,,,,,,,GlassFiber,0.12,
,,,,,,,Gypsum,0.1,
,,,,,,,,,
0.25_Ground_Floor,Ground_Floor,,0,0,0,0,Concrete,0.5,0.262295082
,,,,,,,GlassFiber,0.12,
,,,,,,,Gypsum,0.1,
,,,,,,,,,
Concrete_Ground_Floor,Ground_Floor,,0,0,0,0,Concrete,0.5,3.2
,,,,,,,,,
1.20_Solid_Concrete_Ground,Ground_Floor,,0,0,0,0,Concrete,0.4,1.6
,,,,,,,Gypsum,0.075,
,,,,,,,,,
0.45.FLOOR,Ground_Floor,,0,0,0,0,Concrete,0.5,0.457142857
,,,,,,,GlassFiber,0.055,
,,,,,,,Gypsum,0.1,
,,,,,,,,,
,,,,,,,,,
,,,,,,,,,
,,,,,,,,,
,,,,,,,,,
0.45_Solid_Concrete_Ground,Ground_Floor,,0,0,0,0,Concrete,0.5,0.516129032
,,,,,,,GlassFiber,0.045,
,,,,,,,Gypsum,0.1,
,,,,,,,,,
0.6.FLOOR,Ground_Floor,,0,0,0,0,Concrete,0.5,0.583941606
,,,,,,,GlassFiber,0.036,
,,,,,,,Gypsum,0.1,
,,,,,,,,,
0.51_Ground_Floor,Ground_Floor,,0,0,0,0,Concrete,0.5,0.583941606
,,,,,,,GlassFiber,0.036,
,,,,,,,Gypsum,0.1,
,,,,,,,,,
0.5.SUSP,Ground_Floor,,0,0,0,0,Gypsum,0.03,0.501685182
,,,,,,,AirGap,0.032,
,,,,,,,Spruce,0.05,
,,,,,,,,,
0.5.FLOOR,Ground_Floor,,0,0,0,0,Concrete,0.5,0.49689441
,,,,,,,GlassFiber,0.048,
,,,,,,,Gypsum,0.1,
,,,,,,,,,
0.5.SOLID,Ground_Floor,,0,0,0,0,Concrete,0.5,0.49689441
,,,,,,,GlassFiber,0.048,
,,,,,,,Gypsum,0.1,
,,,,,,,,,
0.4.FLOOR,Ground_Floor,,0,0,0,0,Concrete,0.5,0.41025641
,,,,,,,GlassFiber,0.065,
,,,,,,,Gypsum,0.1,
,,,,,,,,,
1.20_Ground_Floor,Ground_Floor,,0,0,0,0,Concrete,0.4,1.6
,,,,,,,Gypsum,0.075,
,,,,,,,,,
0.2.FLOOR,Ground_Floor,,0,0,0,0,Concrete,0.5,0.207792208
,,,,,,,GlassFiber,0.16,
,,,,,,,Gypsum,0.1,
,,,,,,,,,
0.45_Ground_Floor,Ground_Floor,,0,0,0,0,Concrete,0.5,0.516129032
,,,,,,,GlassFiber,0.045,
,,,,,,,Gypsum,0.1,
,,,,,,,,,
Solid_Concrete_Roof,Internal_Ceiling,,8.29,8.29,0,0,Concrete,0.1,3.292132043
,,,,,,,,,
Suspended_Wooden_Ceiling1,Internal_Ceiling,,0,0,0,0,Carpet,0.01,0.203770645
,,,,,,,Spruce,0.05,
,,,,,,,AirGap,0.1,
,,,,,,,Gypsum,0.01,
,,,,,,,,,
Suspended_Wooden_Ceiling,Internal_Ceiling,,0,0,0,0,Spruce,0.05,0.215996697
,,,,,,,AirGap,0.1,
,,,,,,,Gypsum,0.01,
,,,,,,,,,
Suspended_Wooden_Floor1,Internal_Floor,,0,0,0,0,Gypsum,0.01,0.203770645
,,,,,,,AirGap,0.1,
,,,,,,,Spruce,0.05,
,,,,,,,Carpet,0.01,
,,,,,,,,,
Solid_Concrete_Floor,Internal_Floor,,8.29,8.29,0,0,Concrete,0.1,3.292132043
,,,,,,,,,
Suspended_Wooden_Floor,Internal_Floor,,0,0,0,0,Gypsum,0.01,0.215996697
,,,,,,,AirGap,0.1,
,,,,,,,Spruce,0.05,
,,,,,,,,,
Single_Brick_Internal_Wall_Flood2,Internal_Wall,20,8.29,8.29,0.00000002,0.00000002,Gypsum,0.01,1.968809373
,,,,,,,Brick,0.1,
,,,,,,,Gypsum,0.01,
,,,,,,,,,
Single_Brick_Internal_Wall,Internal_Wall,20,8.29,8.29,0.00000002,0.00000002,Gypsum,0.01,1.968809373
,,,,,,,Brick,0.1,
,,,,,,,Gypsum,0.01,
,,,,,,,,,
Cavity_Plaster_Internal,Internal_Wall,20,8.29,8.29,0.00000002,0.00000002,Gypsum,0.01,0.229074114
,,,,,,,AirGap,0.1,
,,,,,,,Gypsum,0.01,
,,,,,,,,,
Single_Brick_Internal_Wall_Flood,Internal_Wall,20,8.29,8.29,0.00000002,0.00000002,Gypsum,0.01,1.968809373
,,,,,,,Brick,0.1,
,,,,,,,Gypsum,0.01,
,,,,,,,,,
0.29_Loft_Ceiling,Loft_Ceiling,,0,0,0,0,GlassFiber,0.135,0.287769784
,,,,,,,Gypsum,0.02,
,,,,,,,,,
0.35.PITCH_LOFTCEILING,Loft_Ceiling,,8.29,8.29,0,0,Gypsum,0.015,0.347719614
,,,,,,,AirGap,0.06,
,,,,,,,Spruce,0.0125,
,,,,,,,Concrete,0.01,
,,,,,,,,,
0.4.FLAT_LOFTCEILING,Loft_Ceiling,,8.29,8.29,0,0,Gypsum,0.02,0.405669663
,,,,,,,AirGap,0.052,
,,,,,,,Concrete,0.05,
,,,,,,,,,
0.4.PITCH_LOFTCEILING,Loft_Ceiling,,8.29,8.29,0,0,Gypsum,0.015,0.404291008
,,,,,,,AirGap,0.05,
,,,,,,,Spruce,0.0125,
,,,,,,,Concrete,0.01,
,,,,,,,,,
0.35.FLAT_LOFTCEILING,Loft_Ceiling,,8.29,8.29,0,0,Gypsum,0.02,0.358809856
,,,,,,,AirGap,0.06,
,,,,,,,Concrete,0.05,
,,,,,,,,,
2.30_Loft_Ceiling,Loft_Ceiling,,0,0,0,0,GlassFiber,0.013,2.352941177
,,,,,,,Gypsum,0.02,
,,,,,,,,,
2.3.FLAT_LOFTCEILING,Loft_Ceiling,,8.29,8.29,0,0,Gypsum,0.02,2.310180035
,,,,,,,AirGap,0.0015,
,,,,,,,Concrete,0.05,
,,,,,,,,,
1.5.PITCH_LOFTCEILING,Loft_Ceiling,,8.29,8.29,0,0,Gypsum,0.015,1.509204664
,,,,,,,AirGap,0.005,
,,,,,,,Spruce,0.0125,
,,,,,,,Concrete,0.01,
,,,,,,,,,
0.29_Plaster_ceiling,Loft_Ceiling,,0,0,0,0,GlassFiber,0.135,0.287769784
,,,,,,,Gypsum,0.02,
,,,,,,,,,
0.3.FLAT_LOFTCEILING,Loft_Ceiling,,8.29,8.29,0,0,Gypsum,0.02,0.294931904
,,,,,,,AirGap,0.075,
,,,,,,,Concrete,0.05,
,,,,,,,,,
20_Suspended_Plaster_Ceiling,Loft_Ceiling,,0,0,0,0,Gypsum,0.01,20
,,,,,,,,,
0.40_Plaster_ceiling,Loft_Ceiling,,0,0,0,0,GlassFiber,0.095,0.404040404
,,,,,,,Gypsum,0.02,
,,,,,,,,,
0.50_Plaster_ceiling,Loft_Ceiling,,0,0,0,0,GlassFiber,0.075,0.506329114
,,,,,,,Gypsum,0.02,
,,,,,,,,,
0.15_Loft_Ceiling,Loft_Ceiling,,0,0,0,0,Gypsum,0.02,0.149253731
,,,,,,,GlassFiber,0.26,
,,,,,,,Gypsum,0.02,
,,,,,,,,,
0.2.PITCH_LOFTCEILING,Loft_Ceiling,,8.29,8.29,0,0,Gypsum,0.02,0.203543581
,,,,,,,AirGap,0.11,
,,,,,,,Spruce,0.0125,
,,,,,,,Concrete,0.01,
,,,,,,,,,
0.40_Insulated_10_Plaster,Loft_Ceiling,,0,0,0,0,GlassFiber,0.1,0.384615385
,,,,,,,Gypsum,0.02,
,,,,,,,,,
0.60_Plaster_ceiling,Loft_Ceiling,,0,0,0,0,GlassFiber,0.06,0.625
,,,,,,,Gypsum,0.02,
,,,,,,,,,
0.68.FLAT_LOFTCEILING,Loft_Ceiling,,8.29,8.29,0,0,Gypsum,0.02,0.676066532
,,,,,,,AirGap,0.0275,
,,,,,,,Concrete,0.05,
,,,,,,,,,
0.20_Insulated_20_Plaster,Loft_Ceiling,,0,0,0,0,GlassFiber,0.2,0.196078431
,,,,,,,Gypsum,0.02,
,,,,,,,,,
0.40_Loft_Ceiling,Loft_Ceiling,,0,0,0,0,GlassFiber,0.095,0.404040404
,,,,,,,Gypsum,0.02,
,,,,,,,,,
2.10_Insulated_20_Plaster_ceil,Loft_Ceiling,,0,0,0,0,GlassFiber,0.015,2.105263158
,,,,,,,Gypsum,0.02,
,,,,,,,,,
1.5.FLAT_LOFTCEILING,Loft_Ceiling,,8.29,8.29,0,0,Gypsum,0.02,1.528596998
,,,,,,,AirGap,0.007,
,,,,,,,Concrete,0.05,
,,,,,,,,,
0.68.PITCH_LOFTCEILING,Loft_Ceiling,,8.29,8.29,0,0,Gypsum,0.015,0.681463683
,,,,,,,AirGap,0.025,
,,,,,,,Spruce,0.0125,
,,,,,,,Concrete,0.01,
,,,,,,,,,
1.50_Loft_Ceiling,Loft_Ceiling,,0,0,0,0,GlassFiber,0.02,1.666666667
,,,,,,,Gypsum,0.02,
,,,,,,,,,
0.45_Plaster_ceiling,Loft_Ceiling,,0,0,0,0,GlassFiber,0.085,0.449438202
,,,,,,,Gypsum,0.02,
,,,,,,,,,
2.3.PITCH_LOFTCEILING,Loft_Ceiling,,8.29,8.29,0,0,Gypsum,0.01,2.270572513
,,,,,,,AirGap,0.0001,
,,,,,,,Spruce,0.0125,
,,,,,,,Concrete,0.01,
,,,,,,,,,
0.3.PITCH_LOFTCEILING,Loft_Ceiling,,8.29,8.29,0,0,Gypsum,0.015,0.305036629
,,,,,,,AirGap,0.07,
,,,,,,,Spruce,0.0125,
,,,,,,,Concrete,0.01,
,,,,,,,,,
0.15_Plaster_ceiling,Loft_Ceiling,,0,0,0,0,Gypsum,0.02,0.149253731
,,,,,,,GlassFiber,0.26,
,,,,,,,Gypsum,0.02,
,,,,,,,,,
1.60_Plaster_ceiling,Loft_Ceiling,,0,0,0,0,GlassFiber,0.021,1.6
,,,,,,,Gypsum,0.02,
,,,,,,,,,
0.25.FLAT_LOFTCEILING,Loft_Ceiling,,8.29,8.29,0,0,Gypsum,0.02,0.250360839
,,,,,,,AirGap,0.09,
,,,,,,,Concrete,0.05,
,,,,,,,,,
0.15_Loft_Floor,Loft_Floor,,0,0,0,0,Gypsum,0.02,0.149253731
,,,,,,,GlassFiber,0.26,
,,,,,,,Gypsum,0.02,
,,,,,,,,,
1.5.PITCH_LOFTFLOOR,Loft_Floor,,8.29,8.29,0,0,Concrete,0.01,1.509204664
,,,,,,,Spruce,0.0125,
,,,,,,,AirGap,0.005,
,,,,,,,Gypsum,0.015,
,,,,,,,,,
1.50_Loft_Floor,Loft_Floor,,0,0,0,0,Gypsum,0.02,1.666666667
,,,,,,,GlassFiber,0.02,
,,,,,,,,,
0.3.PITCH_LOFTFLOOR,Loft_Floor,,8.29,8.29,0,0,Concrete,0.01,0.305036629
,,,,,,,Spruce,0.0125,
,,,,,,,AirGap,0.07,
,,,,,,,Gypsum,0.015,
,,,,,,,,,
0.29_Loft_Floor,Loft_Floor,,0,0,0,0,Gypsum,0.02,0.287769784
,,,,,,,GlassFiber,0.135,
,,,,,,,,,
0.3.FLAT_LOFTFLOOR,Loft_Floor,,8.29,8.29,0,0,Concrete,0.05,0.294931904
,,,,,,,AirGap,0.075,
,,,,,,,Gypsum,0.02,
,,,,,,,,,
0.4.PITCH_LOFTFLOOR,Loft_Floor,,8.29,8.29,0,0,Concrete,0.01,0.404291008
,,,,,,,Spruce,0.0125,
,,,,,,,AirGap,0.05,
,,,,,,,Gypsum,0.015,
,,,,,,,,,
0.20_Insulated_20_Plaster_Floor,Loft_Floor,,0,0,0,0,Gypsum,0.02,0.196078431
,,,,,,,GlassFiber,0.2,
,,,,,,,,,
0.35.PITCH_LOFTFLOOR,Loft_Floor,,8.29,8.29,0,0,Concrete,0.01,0.347719614
,,,,,,,Spruce,0.0125,
,,,,,,,AirGap,0.06,
,,,,,,,Gypsum,0.015,
,,,,,,,,,
0.15_Plaster_Floor,Loft_Floor,,0,0,0,0,Gypsum,0.02,0.149253731
,,,,,,,GlassFiber,0.26,
,,,,,,,Gypsum,0.02,
,,,,,,,,,
0.50_Plaster_Floor,Loft_Floor,,0,0,0,0,Gypsum,0.02,0.506329114
,,,,,,,GlassFiber,0.075,
,,,,,,,,,
2.3.PITCH_LOFTFLOOR,Loft_Floor,,8.29,8.29,0,0,Concrete,0.01,2.270572513
,,,,,,,Spruce,0.0125,
,,,,,,,AirGap,0.0001,
,,,,,,,Gypsum,0.01,
,,,,,,,,,
0.60_Plaster_Floor,Loft_Floor,,0,0,0,0,Gypsum,0.02,0.625
,,,,,,,GlassFiber,0.06,
,,,,,,,,,
0.68.PITCH_LOFTFLOOR,Loft_Floor,,8.29,8.29,0,0,Concrete,0.01,0.681463683
,,,,,,,Spruce,0.0125,
,,,,,,,AirGap,0.025,
,,,,,,,Gypsum,0.015,
,,,,,,,,,
2.3.FLAT_LOFTFLOOR,Loft_Floor,,8.29,8.29,0,0,Concrete,0.05,2.310180035
,,,,,,,AirGap,0.0015,
,,,,,,,Gypsum,0.02,
,,,,,,,,,
1.60_Plaster_Floor,Loft_Floor,,0,0,0,0,Gypsum,0.02,1.6
,,,,,,,GlassFiber,0.021,
,,,,,,,,,
0.35.FLAT_LOFTFLOOR,Loft_Floor,,8.29,8.29,0,0,Concrete,0.05,0.358809856
,,,,,,,AirGap,0.06,
,,,,,,,Gypsum,0.02,
,,,,,,,,,
0.68.FLAT_LOFTFLOOR,Loft_Floor,,8.29,8.29,0,0,Concrete,0.05,0.676066532
,,,,,,,AirGap,0.0275,
,,,,,,,Gypsum,0.02,
,,,,,,,,,
0.40_Insulated_10_Plaster_Floor,Loft_Floor,,0,0,0,0,Gypsum,0.02,0.384615385
,,,,,,,GlassFiber,0.1,
,,,,,,,,,
0.2.PITCH_LOFTFLOOR,Loft_Floor,,8.29,8.29,0,0,Concrete,0.01,0.203543581
,,,,,,,Spruce,0.0125,
,,,,,,,AirGap,0.11,
,,,,,,,Gypsum,0.02,
,,,,,,,,,
0.29_Plaster_Floor,Loft_Floor,,0,0,0,0,Gypsum,0.02,0.287769784
,,,,,,,GlassFiber,0.135,
,,,,,,,,,
0.45_Plaster_Floor,Loft_Floor,,0,0,0,0,Gypsum,0.02,0.449438202
,,,,,,,GlassFiber,0.085,
,,,,,,,,,
0.40_Loft_Floor,Loft_Floor,,0,0,0,0,Gypsum,0.02,0.404040404
,,,,,,,GlassFiber,0.095,
,,,,,,,,,
1.5.FLAT_LOFTFLOOR,Loft_Floor,,8.29,8.29,0,0,Concrete,0.05,1.528596998
,,,,,,,AirGap,0.007,
,,,,,,,Gypsum,0.02,
,,,,,,,,,
2.10_Plaster_Floor,Loft_Floor,,0,0,0,0,Gypsum,0.02,2.105263158
,,,,,,,GlassFiber,0.015,
,,,,,,,,,
0.4.FLAT_LOFTFLOOR,Loft_Floor,,8.29,8.29,0,0,Concrete,0.05,0.405669663
,,,,,,,AirGap,0.052,
,,,,,,,Gypsum,0.02,
,,,,,,,,,
20_Suspended_Plaster_Floor,Loft_Floor,,0,0,0,0,Gypsum,0.01,20
,,,,,,,,,
2.30_Loft_Floor,Loft_Floor,,0,0,0,0,Gypsum,0.02,2.352941177
,,,,,,,GlassFiber,0.013,
,,,,,,,,,
0.40_Plaster_Floor,Loft_Floor,,0,0,0,0,Gypsum,0.02,0.404040404
,,,,,,,GlassFiber,0.095,
,,,,,,,,,
0.25.FLAT_LOFTFLOOR,Loft_Floor,,8.29,8.29,0,0,Concrete,0.05,0.250360839
,,,,,,,AirGap,0.09,
,,,,,,,Gypsum,0.02,
,,,,,,,,,
1.50_Concrete_Tiled_Roof,Roof,,8.29,29.3,0,0,Concrete,0.05,1.518505651
,,,,,,,AirGap,0.0105,
,,,,,,,Gypsum,0.01,
,,,,,,,,,
0.40_Concrete_Tiled_Roof,Roof,,8.29,29.3,0,0,Concrete,0.1,0.400466796
,,,,,,,GlassFiber,0.055,
,,,,,,,AirGap,0.02,
,,,,,,,Gypsum,0.02,
,,,,,,,,,
0.15_Concrete_Tiled_Roof,Roof,,8.29,29.3,0,0,Concrete,0.1,0.157573847
,,,,,,,GlassFiber,0.05,
,,,,,,,AirGap,0.12,
,,,,,,,Gypsum,0.01,
,,,,,,,,,
3.10_Concrete_Tiled_Roof,Roof,,8.29,8.29,0,0,Concrete,0.05,2.684531158
,,,,,,,Gypsum,0.02,
,,,,,,,,,
2.30_Concrete_Tiled_Roof,Roof,,8.29,8.29,0,0,Concrete,0.05,2.061088266
,,,,,,,AirGap,0.0028,
,,,,,,,Gypsum,0.02,
,,,,,,,,,
3.10_Roof,Roof,,8.29,8.29,0,0,Concrete,0.04,3.162010108
,,,,,,,Gypsum,0.01,
,,,,,,,,,
0.29_Concrete_Tiled_Roof,Roof,,8.29,29.3,0,0,Concrete,0.1,0.289952018
,,,,,,,GlassFiber,0.05,
,,,,,,,AirGap,0.048,
,,,,,,,Gypsum,0.01,
,,,,,,,,,
0.40_Roof,Roof,,8.29,29.3,0,0,Concrete,0.1,0.400466796
,,,,,,,GlassFiber,0.055,
,,,,,,,AirGap,0.02,
,,,,,,,Gypsum,0.02,
,,,,,,,,,
2.30_Roof,Roof,12.98,8.29,8.29,0,0,Concrete,0.05,2.061088266
,,,,,,,AirGap,0.0028,
,,,,,,,Gypsum,0.02,
,,,,,,,,,
0.15_Roof,Roof,,8.29,29.3,0,0,Concrete,0.1,0.157573847
,,,,,,,GlassFiber,0.05,
,,,,,,,AirGap,0.12,
,,,,,,,Gypsum,0.01,
,,,,,,,,,
1.50_Roof,Roof,,8.29,29.3,0,0,Concrete,0.05,1.518505651
,,,,,,,AirGap,0.0105,
,,,,,,,Gypsum,0.01,
,,,,,,,,,
0.29_Roof,Roof,,8.29,29.3,0,0,Concrete,0.1,0.289952018
,,,,,,,GlassFiber,0.05,
,,,,,,,AirGap,0.048,
,,,,,,,Gypsum,0.01,
,,,,,,,,,
3.10_Window,Window,,8.29,29.3,0,0,Glass,0.01,2.644198592
,,,,,,,Gas,0.005,
,,,,,,,Glass,0.01,
,,,,,,,,,
4.80_Window,Window,,8.29,29.3,0,0,Glass,0.04,5.020045064
,,,,,,,,,
3.10_Double_Pane_Window,Window,,8.29,29.3,0,0,Glass,0.01,2.644198592
,,,,,,,Gas,0.005,
,,,,,,,Glass,0.01,
,,,,,,,,,
Triple_Pane_Window,Window,,8.29,29.3,0.00000002,6.25E-08,Glass,0.006,2.402658416
,,,,,,,Gas,0.003,
,,,,,,,Glass,0.006,
,,,,,,,Gas,0.003,
,,,,,,,Glass,0.006,
,,,,,,,,,
4.8.SINGLE,Window,,8.29,29.3,0,0,Glass,0.047,4.83140389
,,,,,,,,,
2.DOUB_POST_2002,Window,,8.29,29.3,0,0,Glass,0.01,2.004366447
,,,,,,,Gas,0.008,
,,,,,,,Glass,0.01,
,,,,,,,,,
0.80_Window,Window,,8.29,29.3,0,0,Glass_2050,0.015,0.681135234
,,,,,,,Gas,0.007,
,,,,,,,Glass_2050,0.015,
,,,,,,,Gas,0.007,
,,,,,,,Glass_2050,0.015,
,,,,,,,,,
4.80_Single_Pane_Window,Window,,8.29,29.3,0,0,Glass,0.04,5.020045064
,,,,,,,,,
2.00_Window,Window,,8.29,29.3,0,0,Glass,0.006,1.354761623
,,,,,,,Gas,0.007,
,,,,,,,Glass,0.006,
,,,,,,,Gas,0.007,
,,,,,,,Glass,0.006,
,,,,,,,,,
2_Double_Pane_Window,Window,,8.29,29.3,0,0,Glass,0.006,1.354761623
,,,,,,,Gas,0.007,105
,,,,,,,Glass,0.006,
,,,,,,,Gas,0.007,
,,,,,,,Glass,0.006,
,,,,,,,,,
1.8.TRIPLE,Window,,8.29,29.3,0,0,Glass,0.01,1.788035733
,,,,,,,Gas,0.0095,
,,,,,,,Glass,0.01,
,,,,,,,,,
3.1.DOUB_PRE_2002,Window,,8.29,29.3,0,0,Glass,0.01,3.031252071
,,,,,,,Gas,0.0038,
,,,,,,,Glass,0.01,
,,,,,,,,,
Curtains,Window_Shade,,0,0,0,0,Drapes,0.004,25
Shutters,Window_Blind,,0,0,0,0,External_Blind,0.001,25