Material,"EP Type either a) Material, b) Glass, or c) Gas ( as used in windows)","Roughness, Used by EP to help determine the boundary layer",Thermal Conductivity,Density,Specific heat Capacity,,,,The total fraction of water than fills up all available space in 1 m3 of material. ,Initial water content as a fraction of the mass of the material,Number of Isotherm data points,Relative Humidity,Water content (kg/m3),Number of Suction Liquid transport coefficient data points,,,,,,,,,,,,,,,,,,,,,,,,,,,,,,,,,,,,,,,,,,,,,,,
,,,,,,,,,,,,,,,,,,,,,,,,,,,,,,,,,,,,,,,,,,,,,,,,,,,,,,,,,,,,,
0,1,2,3,4,5,6,7,8,9,10,11,12,13,14,15,16,17,18,19,20,21,22,23,24,25,26,27,28,29,30,31,32,33,34,35,36,37,38,39,40,41,42,43,44,45,46,47,48,49,50,51,52,53,54,55,56,57,58,59,60,61
Name,EP_type,Roughness,Conductivity {W/m-K},Density {kg/m3},Specific Heat {J/kg-K},Thermal Absorptance,Solar Absorptance,Visible Absorptance,Porosity,Initial Water,Niso,Rhiso,Wiso,Nsuc,Wsuc,Dsuc,Nred,Wred,Dred,Nmu,Rhmu,Dmu,Nthm,Wthm,Dthm,EMPD depth(m),"EMPD ""a""","EMPD ""b""","EMPD ""c""","EMPD ""d""",Solar T,F Solar Reflec,B Solar Reflec,Vis Transmittance,F Vis Reflec,B Vis Reflec,Infrared Trans,F IR Emiss,B IR Emmis,EP_Special,Solar Transmittance,Solar Reflectance,Visible Transmittance,Visible Reflectance,Thermal Hemispherical Emissivity,Thermal Transmittance,Shade to Glass Distance {m},Top Opening Multiplier,Bottom Opening Multiplier,Left-Side Opening Multiplier,Right-Side Opening Multiplier,Airflow Permeability,Slat Orientaion,Slat Width,Slat Separation,Slat Angle,Blind to Glass Dist,,,,
,,,,,,,,,,,,,,,,,,,,,,,,,,,,,,,,,,,,,,,,,,,,,,,,,,,,,,,,,,,,,
,,,,,,,,,,,,,,,,,,,,,,,,,,,,,,,,,,,,,,,,,,,,,,,,,,,,,,,,,,,,,
Concrete,Material,Rough,1.6,2300,850,0.9,0.7,0.7,0.76,0.01,10,0.202,19.665,5,0,0,5,0,0,1,0,180,2,0,1.6,0.004,0.018062,0.451879,0.026178,10.8356,,,,,,,,,,,,,,,,,,,,,,,,,,,,,,,
,,,,,,,,,,,,0.2205,22.31,,72,7.41E-11,,72,7.41E-12,,,,,180,2.602,,,,,,,,,,,,,,,,,,,,,,,,,,,,,,,,,,,,
,,,,,,,,,,,,0.449,38.4675,,85,2.53E-10,,85,2.53E-11,,,,,,,,,,,,,,,,,,,,,,,,,,,,,,,,,,,,,,,,,,
,,,,,,,,,,,,0.454,38.4675,,100,0.000000001,,100,1.01E-10,,,,,,,,,,,,,,,,,,,,,,,,,,,,,,,,,,,,,,,,,,
,,,,,,,,,,,,0.6506,54.165,,118,1.28E-09,,118,1.28E-10,,,,,,,,,,,,,,,,,,,,,,,,,,,,,,,,,,,,,,,,,,
,,,,,,,,,,,,0.655,54.165,,,,,,,,,,,,,,,,,,,,,,,,,,,,,,,,,,,,,,,,,,,,,,,,
,,,,,,,,,,,,0.824,72.565,,,,,,,,,,,,,,,,,,,,,,,,,,,,,,,,,,,,,,,,,,,,,,,,
,,,,,,,,,,,,0.8725,85.1,,,,,,,,,,,,,,,,,,,,,,,,,,,,,,,,,,,,,,,,,,,,,,,,
,,,,,,,,,,,,0.924,91.08,,,,,,,,,,,,,,,,,,,,,,,,,,,,,,,,,,,,,,,,,,,,,,,,
,,,,,,,,,,,,0.964,100.28,,,,,,,,,,,,,,,,,,,,,,,,,,,,,,,,,,,,,,,,,,,,,,,,
,,,,,,,,,,,,,,,,,,,,,,,,,,,,,,,,,,,,,,,,,,,,,,,,,,,,,,,,,,,,,
Gypsum,Material,Rough,0.2,850,850,0.9,0.6,0.7,0.65,0.2,21,0,0,9,0,0,9,0,0,1,0,8.3,2,0,0.2,0.004,0.072549,0.397173,0.007774,11.7057,,,,,,,,,,,,,,,,,,,,,,,,,,,,,,,
,,,,,,,,,,,,0.05,20.17419069,,60,0.000000003,,60,0.000000003,,,,,650,1.424,,,,,,,,,,,,,,,,,,,,,,,,,,,,,,,,,,,,
,,,,,,,,,,,,0.1,26.56789266,,100,0.0000001,,100,0.000000008,,,,,,,,,,,,,,,,,,,,,,,,,,,,,,,,,,,,,,,,,,
,,,,,,,,,,,,0.15,31.21014609,,160,0.0000001,,160,0.000000008,,,,,,,,,,,,,,,,,,,,,,,,,,,,,,,,,,,,,,,,,,
,,,,,,,,,,,,0.2,34.98791759,,240,0.00000012,,240,0.000000013,,,,,,,,,,,,,,,,,,,,,,,,,,,,,,,,,,,,,,,,,,
,,,,,,,,,,,,0.25,38.2303384,,320,0.00000022,,320,0.0000001,,,,,,,,,,,,,,,,,,,,,,,,,,,,,,,,,,,,,,,,,,
,,,,,,,,,,,,0.3,41.10142175,,360,0.0000006,,360,0.0000003,,,,,,,,,,,,,,,,,,,,,,,,,,,,,,,,,,,,,,,,,,
,,,,,,,,,,,,0.35,43.69649175,,380,0.0000009,,380,0.0000007,,,,,,,,,,,,,,,,,,,,,,,,,,,,,,,,,,,,,,,,,,
,,,,,,,,,,,,0.4,46.07661349,,400,0.00000045,,400,0.000001,,,,,,,,,,,,,,,,,,,,,,,,,,,,,,,,,,,,,,,,,,
,,,,,,,,,,,,0.45,48.28375697,,,,,,,,,,,,,,,,,,,,,,,,,,,,,,,,,,,,,,,,,,,,,,,,
,,,,,,,,,,,,0.5,50.34860814,,,,,,,,,,,,,,,,,,,,,,,,,,,,,,,,,,,,,,,,,,,,,,,,
,,,,,,,,,,,,0.55,52.29535152,,,,,,,,,,,,,,,,,,,,,,,,,,,,,,,,,,,,,,,,,,,,,,,,
,,,,,,,,,,,,0.6,54.14544994,,,,,,,,,,,,,,,,,,,,,,,,,,,,,,,,,,,,,,,,,,,,,,,,
,,,,,,,,,,,,0.65,55.92174958,,,,,,,,,,,,,,,,,,,,,,,,,,,,,,,,,,,,,,,,,,,,,,,,
,,,,,,,,,,,,0.7,57.65417325,,,,,,,,,,,,,,,,,,,,,,,,,,,,,,,,,,,,,,,,,,,,,,,,
,,,,,,,,,,,,0.75,59.38854136,,,,,,,,,,,,,,,,,,,,,,,,,,,,,,,,,,,,,,,,,,,,,,,,
,,,,,,,,,,,,0.8,61.20059803,,,,,,,,,,,,,,,,,,,,,,,,,,,,,,,,,,,,,,,,,,,,,,,,
,,,,,,,,,,,,0.85,63.2181146,,,,,,,,,,,,,,,,,,,,,,,,,,,,,,,,,,,,,,,,,,,,,,,,
,,,,,,,,,,,,0.9,65.65502133,,,,,,,,,,,,,,,,,,,,,,,,,,,,,,,,,,,,,,,,,,,,,,,,
,,,,,,,,,,,,0.95,68.86292788,,,,,,,,,,,,,,,,,,,,,,,,,,,,,,,,,,,,,,,,,,,,,,,,
,,,,,,,,,,,,1,73.4071897,,,,,,,,,,,,,,,,,,,,,,,,,,,,,,,,,,,,,,,,,,,,,,,,
,,,,,,,,,,,,,,,,,,,,,,,,,,,,,,,,,,,,,,,,,,,,,,,,,,,,,,,,,,,,,
,,,,,,,,,,,,,,,,,,,,,,,,,,,,,,,,,,,,,,,,,,,,,,,,,,,,,,,,,,,,,
,,,,,,,,,,,,,,,,,,,,,,,,,,,,,,,,,,,,,,,,,,,,,,,,,,,,,,,,,,,,,
Plasterboard,Material,Rough,0.2,850,850,0.9,0.6,0.7,0.65,0.2,8,0.113,0.85,9,0,0,9,0,0,1,0,8.3,2,0,0.2,0.004,0.072549,0.397173,0.007774,11.7057,,,,,,,,,,,,,,,,,,,,,,,,,,,,,,,
,,,,,,,,,,,,0.328,2.55,,60,0.000000003,,60,0.000000003,,,,,650,1.424,,,,,,,,,,,,,,,,,,,,,,,,,,,,,,,,,,,,
,,,,,,,,,,,,0.432,3.825,,100,0.0000001,,100,0.000000008,,,,,,,,,,,,,,,,,,,,,,,,,,,,,,,,,,,,,,,,,,
,,,,,,,,,,,,0.576,5.1,,160,0.0000001,,160,0.000000008,,,,,,,,,,,,,,,,,,,,,,,,,,,,,,,,,,,,,,,,,,
,,,,,,,,,,,,0.786,8.075,,240,0.00000012,,240,0.000000013,,,,,,,,,,,,,,,,,,,,,,,,,,,,,,,,,,,,,,,,,,
,,,,,,,,,,,,0.843,9.35,,320,0.00000022,,320,0.0000001,,,,,,,,,,,,,,,,,,,,,,,,,,,,,,,,,,,,,,,,,,
,,,,,,,,,,,,0.936,16.15,,360,0.0000006,,360,0.0000003,,,,,,,,,,,,,,,,,,,,,,,,,,,,,,,,,,,,,,,,,,
,,,,,,,,,,,,0.973,23.375,,380,0.0000009,,380,0.0000007,,,,,,,,,,,,,,,,,,,,,,,,,,,,,,,,,,,,,,,,,,
,,,,,,,,,,,,,,,400,0.00000045,,400,0.000001,,,,,,,,,,,,,,,,,,,,,,,,,,,,,,,,,,,,,,,,,,
,,,,,,,,,,,,,,,,,,,,,,,,,,,,,,,,,,,,,,,,,,,,,,,,,,,,,,,,,,,,,
,,,,,,,,,,,,,,,,,,,,,,,,,,,,,,,,,,,,,,,,,,,,,,,,,,,,,,,,,,,,,
,,,,,,,,,,,,,,,,,,,,,,,,,,,,,,,,,,,,,,,,,,,,,,,,,,,,,,,,,,,,,
GlassFiber,Material,Rough,0.04,80,840,0.9,0.7,0.7,0.01,0.01,6,0.202,0.748,1,0,0,1,0,0,1,0,1.2543,1,0,0.04,0.004,0.00038,9.494,0.00011,0.0884,,,,,,,,,,,,,,,,,,,,,,,,,,,,,,,
,,,,,,,,,,,,0.4325,1.04,,,,,,,,,,,,,,,,,,,,,,,,,,,,,,,,,,,,,,,,,,,,,,,,
,,,,,,,,,,,,0.6465,1.24,,,,,,,,,,,,,,,,,,,,,,,,,,,,,,,,,,,,,,,,,,,,,,,,
,,,,,,,,,,,,0.8465,1.56,,,,,,,,,,,,,,,,,,,,,,,,,,,,,,,,,,,,,,,,,,,,,,,,
,,,,,,,,,,,,0.948,1.92,,,,,,,,,,,,,,,,,,,,,,,,,,,,,,,,,,,,,,,,,,,,,,,,
,,,,,,,,,,,,0.978,2.72,,,,,,,,,,,,,,,,,,,,,,,,,,,,,,,,,,,,,,,,,,,,,,,,
,,,,,,,,,,,,,,,,,,,,,,,,,,,,,,,,,,,,,,,,,,,,,,,,,,,,,,,,,,,,,
,,,,,,,,,,,,,,,,,,,,,,,,,,,,,,,,,,,,,,,,,,,,,,,,,,,,,,,,,,,,,
GlassFiberFloor,Material,Rough,0.04,80,840,0.9,0.7,0.7,0.01,0.01,6,0.202,0.748,1,0,0,1,0,0,1,0,1.2543,1,0,0.04,0.004,0.00038,9.494,0.00011,0.0884,,,,,,,,,,,,,,,,,,,,,,,,,,,,,,,
,,,,,,,,,,,,0.4325,1.04,,,,,,,,,,,,,,,,,,,,,,,,,,,,,,,,,,,,,,,,,,,,,,,,
,,,,,,,,,,,,0.6465,1.24,,,,,,,,,,,,,,,,,,,,,,,,,,,,,,,,,,,,,,,,,,,,,,,,
,,,,,,,,,,,,0.8465,1.56,,,,,,,,,,,,,,,,,,,,,,,,,,,,,,,,,,,,,,,,,,,,,,,,
,,,,,,,,,,,,0.948,1.92,,,,,,,,,,,,,,,,,,,,,,,,,,,,,,,,,,,,,,,,,,,,,,,,
,,,,,,,,,,,,0.978,2.72,,,,,,,,,,,,,,,,,,,,,,,,,,,,,,,,,,,,,,,,,,,,,,,,
,,,,,,,,,,,,,,,,,,,,,,,,,,,,,,,,,,,,,,,,,,,,,,,,,,,,,,,,,,,,,
GlassFiberRoof,Material,Rough,0.04,80,840,0.9,0.7,0.7,0.01,0.01,6,0.202,0.748,1,0,0,1,0,0,1,0,1.2543,1,0,0.04,0.004,0.00038,9.494,0.00011,0.0884,,,,,,,,,,,,,,,,,,,,,,,,,,,,,,,
,,,,,,,,,,,,0.4325,1.04,,,,,,,,,,,,,,,,,,,,,,,,,,,,,,,,,,,,,,,,,,,,,,,,
,,,,,,,,,,,,0.6465,1.24,,,,,,,,,,,,,,,,,,,,,,,,,,,,,,,,,,,,,,,,,,,,,,,,
,,,,,,,,,,,,0.8465,1.56,,,,,,,,,,,,,,,,,,,,,,,,,,,,,,,,,,,,,,,,,,,,,,,,
,,,,,,,,,,,,0.948,1.92,,,,,,,,,,,,,,,,,,,,,,,,,,,,,,,,,,,,,,,,,,,,,,,,
,,,,,,,,,,,,0.978,2.72,,,,,,,,,,,,,,,,,,,,,,,,,,,,,,,,,,,,,,,,,,,,,,,,
,,,,,,,,,,,,,,,,,,,,,,,,,,,,,,,,,,,,,,,,,,,,,,,,,,,,,,,,,,,,,
Spruce,Material,Rough,0.09,455,1500,0.9,0.7,0.7,0.73,0.05,7,0.205,25.935,3,0,0,3,0,0,1,0,130,2,0,0.09,0.004,0.144687,0.631307,0.122495,10.1203,,,,,,,,,,,,,,,,,,,,,,,,,,,,,,,
,,,,,,,,,,,,0.4465,44.3625,,20,3.20E-13,,20,3.20E-13,,,,,730,0.278,,,,,,,,,,,,,,,,,,,,,,,,,,,,,,,,,,,,
,,,,,,,,,,,,0.6515,61.99375,,600,9.20E-12,,600,9.20E-12,,,,,,,,,,,,,,,,,,,,,,,,,,,,,,,,,,,,,,,,,,
,,,,,,,,,,,,0.6545,61.99375,,,,,,,,,,,,,,,,,,,,,,,,,,,,,,,,,,,,,,,,,,,,,,,,
,,,,,,,,,,,,0.83,87.1325,,,,,,,,,,,,,,,,,,,,,,,,,,,,,,,,,,,,,,,,,,,,,,,,
,,,,,,,,,,,,0.9525,119.665,,,,,,,,,,,,,,,,,,,,,,,,,,,,,,,,,,,,,,,,,,,,,,,,
,,,,,,,,,,,,0.956,120.12,,,,,,,,,,,,,,,,,,,,,,,,,,,,,,,,,,,,,,,,,,,,,,,,
,,,,,,,,,,,,,,,,,,,,,,,,,,,,,,,,,,,,,,,,,,,,,,,,,,,,,,,,,,,,,
,,,,,,,,,,,,,,,,,,,,,,,,,,,,,,,,,,,,,,,,,,,,,,,,,,,,,,,,,,,,,
,,,,,,,,,,,,,,,,,,,,,,,,,,,,,,,,,,,,,,,,,,,,,,,,,,,,,,,,,,,,,
,,,,,,,,,,,,,,,,,,,,,,,,,,,,,,,,,,,,,,,,,,,,,,,,,,,,,,,,,,,,,
,,,,,,,,,,,,,,,,,,,,,,,,,,,,,,,,,,,,,,,,,,,,,,,,,,,,,,,,,,,,,
Plywood,Material,Rough,0.14,530,1880,0.9,0.7,0.7,0.5,0.05,12,0.2015,3.7125,1,0,0,1,0,0,3,0,700,2,0,0.1,0.006,0.183962,0.594185,0.111906,6.78432,,,,,,,,,,,,,,,,,,,,,,,,,,,,,,,
,,,,,,,,,,,,0.203,3.74,,,,,,,,0.5,200,,500,0.25,,,,,,,,,,,,,,,,,,,,,,,,,,,,,,,,,,,,
,,,,,,,,,,,,0.435,5.8025,,,,,,,,1,20,,,,,,,,,,,,,,,,,,,,,,,,,,,,,,,,,,,,,,,
,,,,,,,,,,,,0.439,5.83,,,,,,,,,,,,,,,,,,,,,,,,,,,,,,,,,,,,,,,,,,,,,,,,
,,,,,,,,,,,,0.6495,7.7825,,,,,,,,,,,,,,,,,,,,,,,,,,,,,,,,,,,,,,,,,,,,,,,,
,,,,,,,,,,,,0.6515,7.81,,,,,,,,,,,,,,,,,,,,,,,,,,,,,,,,,,,,,,,,,,,,,,,,
,,,,,,,,,,,,0.8215,10.3675,,,,,,,,,,,,,,,,,,,,,,,,,,,,,,,,,,,,,,,,,,,,,,,,
,,,,,,,,,,,,0.825,10.3675,,,,,,,,,,,,,,,,,,,,,,,,,,,,,,,,,,,,,,,,,,,,,,,,
,,,,,,,,,,,,0.9215,13.1175,,,,,,,,,,,,,,,,,,,,,,,,,,,,,,,,,,,,,,,,,,,,,,,,
,,,,,,,,,,,,0.925,13.1175,,,,,,,,,,,,,,,,,,,,,,,,,,,,,,,,,,,,,,,,,,,,,,,,
,,,,,,,,,,,,0.9575,14.7125,,,,,,,,,,,,,,,,,,,,,,,,,,,,,,,,,,,,,,,,,,,,,,,,
,,,,,,,,,,,,0.9605,15.345,,,,,,,,,,,,,,,,,,,,,,,,,,,,,,,,,,,,,,,,,,,,,,,,
,,,,,,,,,,,,,,,,,,,,,,,,,,,,,,,,,,,,,,,,,,,,,,,,,,,,,,,,,,,,,
CelluloseIns,Material,Rough,0.04,55,1880,0.9,0.7,0.7,0.95,0.001,5,0.25,2.365,1,0,0,1,0,0,1,0,1.5,2,0,0.04,,,,,,,,,,,,,,,,,,,,,,,,,,,,,,,,,,,,
,,,,,,,,,,,,0.44,4.62,,,,,,,,,,,950,0.583,,,,,,,,,,,,,,,,,,,,,,,,,,,,,,,,,,,,
,,,,,,,,,,,,0.66,6.655,,,,,,,,,,,,,,,,,,,,,,,,,,,,,,,,,,,,,,,,,,,,,,,,
,,,,,,,,,,,,0.86,11.4125,,,,,,,,,,,,,,,,,,,,,,,,,,,,,,,,,,,,,,,,,,,,,,,,
,,,,,,,,,,,,1,13,,,,,,,,,,,,,,,,,,,,,,,,,,,,,,,,,,,,,,,,,,,,,,,,
,,,,,,,,,,,,,,,,,,,,,,,,,,,,,,,,,,,,,,,,,,,,,,,,,,,,,,,,,,,,,
,,,,,,,,,,,,,,,,,,,,,,,,,,,,,,,,,,,,,,,,,,,,,,,,,,,,,,,,,,,,,
CelluloseInsExt,Material,Rough,0.04,55,1880,0.9,0.7,0.7,0.95,0.001,5,0.25,2.365,1,0,0,1,0,0,1,0,1.5,2,0,0.04,,,,,,,,,,,,,,,,,,,,,,,,,,,,,,,,,,,,
,,,,,,,,,,,,0.44,4.62,,,,,,,,,,,950,0.583,,,,,,,,,,,,,,,,,,,,,,,,,,,,,,,,,,,,
,,,,,,,,,,,,0.66,6.655,,,,,,,,,,,,,,,,,,,,,,,,,,,,,,,,,,,,,,,,,,,,,,,,
,,,,,,,,,,,,0.86,11.4125,,,,,,,,,,,,,,,,,,,,,,,,,,,,,,,,,,,,,,,,,,,,,,,,
,,,,,,,,,,,,1,13,,,,,,,,,,,,,,,,,,,,,,,,,,,,,,,,,,,,,,,,,,,,,,,,
,,,,,,,,,,,,,,,,,,,,,,,,,,,,,,,,,,,,,,,,,,,,,,,,,,,,,,,,,,,,,
,,,,,,,,,,,,,,,,,,,,,,,,,,,,,,,,,,,,,,,,,,,,,,,,,,,,,,,,,,,,,
,,,,,,,,,,,,0.99,22,,230,0.0003,,230,0.00009,,,,,,,,,,,,,,,,,,,,,,,,,,,,,,,,,,,,,,,,,,
,,,,,,,,,,,,0.997,32,,,,,,,,,,,,,,,,,,,,,,,,,,,,,,,,,,,,,,,,,,,,,,,,
,,,,,,,,,,,,0.999,110,,,,,,,,,,,,,,,,,,,,,,,,,,,,,,,,,,,,,,,,,,,,,,,,
,,,,,,,,,,,,0.9997,200,,,,,,,,,,,,,,,,,,,,,,,,,,,,,,,,,,,,,,,,,,,,,,,,
,,,,,,,,,,,,1,230,,,,,,,,,,,,,,,,,,,,,,,,,,,,,,,,,,,,,,,,,,,,,,,,
,,,,,,,,,,,,,,,,,,,,,,,,,,,,,,,,,,,,,,,,,,,,,,,,,,,,,,,,,,,,,
Brick,Material,Rough,0.6,1712,850,0.9,0.7,0.7,0.31,0.001,10,0,0,6,0,0,6,0,0,1,0,14,1,0,0.6,0.004,0.01385,9.638,0.02462,0.6763,,,,,,,,,,,,,,,,,,,,,,,,,,,,,,,
,,,,,,,,,,,,0.5,3,,23,0.00000007,,23,0.000000007,,,,,,,,,,,,,,,,,,,,,,,,,,,,,,,,,,,,,,,,,,
,,,,,,,,,,,,0.65,3.4,,184,0.0000007,,160,0.000000007,,,,,,,,,,,,,,,,,,,,,,,,,,,,,,,,,,,,,,,,,,
,,,,,,,,,,,,0.8,4.5,,220,0.000003,,184,0.00000005,,,,,,,,,,,,,,,,,,,,,,,,,,,,,,,,,,,,,,,,,,
,,,,,,,,,,,,0.93,8.7,,225,0.00005,,207,0.0000001,,,,,,,,,,,,,,,,,,,,,,,,,,,,,,,,,,,,,,,,,,
,,,,,,,,,,,,0.99,22,,230,0.0003,,230,0.00009,,,,,,,,,,,,,,,,,,,,,,,,,,,,,,,,,,,,,,,,,,
,,,,,,,,,,,,0.997,32,,,,,,,,,,,,,,,,,,,,,,,,,,,,,,,,,,,,,,,,,,,,,,,,
,,,,,,,,,,,,0.999,110,,,,,,,,,,,,,,,,,,,,,,,,,,,,,,,,,,,,,,,,,,,,,,,,
,,,,,,,,,,,,0.9997,200,,,,,,,,,,,,,,,,,,,,,,,,,,,,,,,,,,,,,,,,,,,,,,,,
,,,,,,,,,,,,1,230,,,,,,,,,,,,,,,,,,,,,,,,,,,,,,,,,,,,,,,,,,,,,,,,
,,,,,,,,,,,,,,,,,,,,,,,,,,,,,,,,,,,,,,,,,,,,,,,,,,,,,,,,,,,,,
,,,,,,,,,,,,,,,,,,,,,,,,,,,,,,,,,,,,,,,,,,,,,,,,,,,,,,,,,,,,,
Carpet,Material,Rough,0.036,200,690,0.9,0.7,0.7,0.5,0.05,21,0,0,1,0,0,1,0,0,1,0,10,1,0,0.036,0.004,0.178457,0.583749,0.095156,3.51718,,,,,,,,,,,,,,,,,,,,,,,,,,,,,,,
,,,,,,,,,,,,0.05,6.210462706,,,,,,,,,,,,,,,,,,,,,,,,,,,,,,,,,,,,,,,,,,,,,,,,
,,,,,,,,,,,,0.1,9.312889129,,,,,,,,,,,,,,,,,,,,,,,,,,,,,,,,,,,,,,,,,,,,,,,,
,,,,,,,,,,,,0.15,11.81662732,,,,,,,,,,,,,,,,,,,,,,,,,,,,,,,,,,,,,,,,,,,,,,,,
,,,,,,,,,,,,0.2,14.01514992,,,,,,,,,,,,,,,,,,,,,,,,,,,,,,,,,,,,,,,,,,,,,,,,
,,,,,,,,,,,,0.25,16.03473449,,,,,,,,,,,,,,,,,,,,,,,,,,,,,,,,,,,,,,,,,,,,,,,,
,,,,,,,,,,,,0.3,17.94963211,,,,,,,,,,,,,,,,,,,,,,,,,,,,,,,,,,,,,,,,,,,,,,,,
,,,,,,,,,,,,0.35,19.81219976,,,,,,,,,,,,,,,,,,,,,,,,,,,,,,,,,,,,,,,,,,,,,,,,
,,,,,,,,,,,,0.4,21.66408339,,,,,,,,,,,,,,,,,,,,,,,,,,,,,,,,,,,,,,,,,,,,,,,,
,,,,,,,,,,,,0.45,23.54124394,,,,,,,,,,,,,,,,,,,,,,,,,,,,,,,,,,,,,,,,,,,,,,,,
,,,,,,,,,,,,0.5,25.47651306,,,,,,,,,,,,,,,,,,,,,,,,,,,,,,,,,,,,,,,,,,,,,,,,
,,,,,,,,,,,,0.55,27.50101006,,,,,,,,,,,,,,,,,,,,,,,,,,,,,,,,,,,,,,,,,,,,,,,,
,,,,,,,,,,,,0.6,29.64497912,,,,,,,,,,,,,,,,,,,,,,,,,,,,,,,,,,,,,,,,,,,,,,,,
,,,,,,,,,,,,0.65,31.93830802,,,,,,,,,,,,,,,,,,,,,,,,,,,,,,,,,,,,,,,,,,,,,,,,
,,,,,,,,,,,,0.7,34.4108618,,,,,,,,,,,,,,,,,,,,,,,,,,,,,,,,,,,,,,,,,,,,,,,,
,,,,,,,,,,,,0.75,37.09270328,,,,,,,,,,,,,,,,,,,,,,,,,,,,,,,,,,,,,,,,,,,,,,,,
,,,,,,,,,,,,0.8,40.01424197,,,,,,,,,,,,,,,,,,,,,,,,,,,,,,,,,,,,,,,,,,,,,,,,
,,,,,,,,,,,,0.85,43.20633609,,,,,,,,,,,,,,,,,,,,,,,,,,,,,,,,,,,,,,,,,,,,,,,,
,,,,,,,,,,,,0.9,46.70036312,,,,,,,,,,,,,,,,,,,,,,,,,,,,,,,,,,,,,,,,,,,,,,,,
,,,,,,,,,,,,0.95,50.52826863,,,,,,,,,,,,,,,,,,,,,,,,,,,,,,,,,,,,,,,,,,,,,,,,
,,,,,,,,,,,,1,54.7226,,,,,,,,,,,,,,,,,,,,,,,,,,,,,,,,,,,,,,,,,,,,,,,,
,,,,,,,,,,,,,,,,,,,,,,,,,,,,,,,,,,,,,,,,,,,,,,,,,,,,,,,,,,,,,
,,,,,,,,,,,,,,,,,,,,,,,,,,,,,,,,,,,,,,,,,,,,,,,,,,,,,,,,,,,,,
AirGap,Material,Rough,0.02485,1.204,1004,0.9,0.7,0.7,1,0.01,2,0,0,1,0,0,1,0,0,1,0,1,1,0,0.0249,,,,,,,,,,,,,,,,,,,,,,,,,,,,,,,,,,,,
AirGapExt,Material,Rough,0.02485,1.204,1004,0.9,0.7,0.7,1,0.01,2,0,0,1,0,0,1,0,0,1,0,1,1,0,0.0249,,,,,,,,,,,,,,,,,,,,,,,,,,,,,,,,,,,,
AirGapRoof,Material,Rough,0.02485,1.204,1004,0.9,0.7,0.7,1,0.01,2,0,0,1,0,0,1,0,0,1,0,1,1,0,0.0249,,,,,,,,,,,,,,,,,,,,,,,,,,,,,,,,,,,,
,,,,,,,,,,,,,,,,,,,,,,,,,,,,,,,,,,,,,,,,,,,,,,,,,,,,,,,,,,,,,
,,,,,,,,,,,,,,,,,,,,,,,,,,,,,,,,,,,,,,,,,,,,,,,,,,,,,,,,,,,,,
Glass,WindowMaterial:Glazing,,0.9,,,,,,,,,,,,,,,,,,,,,,,,,,,,0.775,0.071,0.071,0.881,0.08,0.08,0,0.84,0.84,SpectralAverage,,,,,,,,,,,,,,,,,,,,,
Gas,WindowMaterial:Gas,,0.02485,,,,,,,,,,,,,,,,,,,,,,,,,,,,,,,,,,,,,Air,,,,,,,,,,,,,,,,,,,,,
GasWin,WindowMaterial:Gas,,0.02485,,,,,,,,,,,,,,,,,,,,,,,,,,,,,,,,,,,,,Air,,,,,,,,,,,,,,,,,,,,,
Glass_2050,WindowMaterial:Glazing,,0.06,,,,,,,,,,,,,,,,,,,,,,,,,,,,0.775,0.071,0.071,0.881,0.08,0.08,0,0.84,0.84,SpectralAverage,,,,,,,,,,,,,,,,,,,,,
,,,,,,,,,,,,,,,,,,,,,,,,,,,,,,,,,,,,,,,,,,,,,,,,,,,,,,,,,,,,,
Drapes,WindowMaterial:Shade,,0.1,,,,,,,,,,,,,,,,,,,,,,,,,,,,,,,,,,,,,,0.05,0.3,0.05,0.3,0.9,0,0.05,1,1,0,0,0,,,,,,,,,
External_Blind,WindowMaterial:Blind,,0.9,,,,,,,,,,,,,,,,,,,,,,,,,,,,,,,,,,,,,,0,0.5,0,0.3,0.9,0,0.05,0.5,0.5,0.5,0.5,0,HORIZONTAL,0.025,0.01875,45,0.05,,,,
,,,,,,,,,,,,,,,,,,,,,,,,,,,,,,,,,,,,,,,,,,,,,,,,,,,,,,,,,,,,,
Stone,Material,Rough,2.8,2600,1000,0.9,0.7,0.7,0.76,0.01,10,0.202,19.665,5,0,0,5,0,0,1,0,180,2,0,1.6,0.004,0.018062,0.451879,0.026178,10.8356,,,,,,,,,,,,,,,,,,,,,,,,,,,,,,,
,,,,,,,,,,,,0.2205,22.31,,72,7.41E-11,,72,7.41E-12,,,,,180,2.602,,,,,,,,,,,,,,,,,,,,,,,,,,,,,,,,,,,,
,,,,,,,,,,,,0.449,38.4675,,85,2.53E-10,,85,2.53E-11,,,,,,,,,,,,,,,,,,,,,,,,,,,,,,,,,,,,,,,,,,
,,,,,,,,,,,,0.454,38.4675,,100,0.000000001,,100,1.01E-10,,,,,,,,,,,,,,,,,,,,,,,,,,,,,,,,,,,,,,,,,,
,,,,,,,,,,,,0.6506,54.165,,118,1.28E-09,,118,1.28E-10,,,,,,,,,,,,,,,,,,,,,,,,,,,,,,,,,,,,,,,,,,
,,,,,,,,,,,,0.655,54.165,,,,,,,,,,,,,,,,,,,,,,,,,,,,,,,,,,,,,,,,,,,,,,,,
,,,,,,,,,,,,0.824,72.565,,,,,,,,,,,,,,,,,,,,,,,,,,,,,,,,,,,,,,,,,,,,,,,,
,,,,,,,,,,,,0.8725,85.1,,,,,,,,,,,,,,,,,,,,,,,,,,,,,,,,,,,,,,,,,,,,,,,,
,,,,,,,,,,,,0.924,91.08,,,,,,,,,,,,,,,,,,,,,,,,,,,,,,,,,,,,,,,,,,,,,,,,
,,,,,,,,,,,,0.964,100.28,,,,,,,,,,,,,,,,,,,,,,,,,,,,,,,,,,,,,,,,,,,,,,,,
,,,,,,,,,,,,,,,,,,,,,,,,,,,,,,,,,,,,,,,,,,,,,,,,,,,,,,,,,,,,,
,,,,,,,,,,,,,,,,,,,,,,,,,,,,,,,,,,,,,,,,,,,,,,,,,,,,,,,,,,,,,
AAC,Material,Rough,0.14,600,850,0.9,0.7,0.7,0.72,0.0178,9,0,0,6,0,0,6,0,0,1,0,8.3,2,0,0.14,0.004,0.01385,9.638,0.02462,0.6763,,,,,,,,,,,,,,,,,,,,,,,,,,,,,,,
,,,,,,,,,,,,0.5,5.3,,3.5,2.00E-10,,3.5,2.50E-10,,,,,770,0.762,,,,,,,,,,,,,,,,,,,,,,,,,,,,,,,,,,,,
,,,,,,,,,,,,0.8,10.7,,47,3.70E-09,,47,4.00E-10,,,,,,,,,,,,,,,,,,,,,,,,,,,,,,,,,,,,,,,,,,
,,,,,,,,,,,,0.93,26,,375,6.50E-09,,375,1.55E-09,,,,,,,,,,,,,,,,,,,,,,,,,,,,,,,,,,,,,,,,,,
,,,,,,,,,,,,0.964,171,,423,0.000000025,,423,0.000000004,,,,,,,,,,,,,,,,,,,,,,,,,,,,,,,,,,,,,,,,,,
,,,,,,,,,,,,0.99,357,,470,0.00000027,,470,0.00000004,,,,,,,,,,,,,,,,,,,,,,,,,,,,,,,,,,,,,,,,,,
,,,,,,,,,,,,0.995,391,,,,,,,,,,,,,,,,,,,,,,,,,,,,,,,,,,,,,,,,,,,,,,,,
,,,,,,,,,,,,0.999,405,,,,,,,,,,,,,,,,,,,,,,,,,,,,,,,,,,,,,,,,,,,,,,,,
,,,,,,,,,,,,1,470,,,,,,,,,,,,,,,,,,,,,,,,,,,,,,,,,,,,,,,,,,,,,,,,